AA Buffered C Powder,80,Foundational
AA Calcium,120,Foundational
AA Clean Pea Protein Vanilla,15,Foundational
AA Collagen Powder,30,Foundational
AA Collagen Support,60,Foundational
AA Comprehensive Protein Powder Creamy Chocolate,14,Foundational
AA Comprehensive Protein Powder Vanilla,14,Foundational
AA Curcumin,60,Foundational
AA Evening Primrose Oil,100,Foundational
AA Hi-Potency Omegas Capsules,60,Foundational
AA Hi-Potency Omegas Liquid,30,Foundational
AA Iodine Complex,90,Foundational
AA Iron,120,Foundational
AA Magnesium Citrate,90,Foundational
AA Magnesium Glycinate,120,Foundational
AA Magnesium Powder,60,Foundational
AA Minerals,120,Foundational
AA Multivitamin Chewable,0,Foundational
AA Multivitamin Powder,30,Foundational
AA Multivitimin,180,Foundational
AA Omega Jr,120,Foundational
AA Osteo Plus,120,Foundational
AA Paleo Protein Powder,15,Foundational
AA Prenatal Vitamins,30,Foundational
AA Pro-NRG Detox Capsules,120,Foundational
AA Pro-NRG Detox Powder Lemon,14,Foundational
AA Pro-NRG Detox Powder Strawberry,14,Foundational
AA Probiotic Powder,60,Foundational
AA Ultra B Complex,90,Foundational
AA Ultra Methyl B 12,60,Foundational
AA Vitamin C,120,Foundational
AA Vitamin D3 K2 Liquid,590,Foundational
AA Vitamin D3 Liquid,1500,Foundational
AA Vitamin D3/K2,60,Foundational
AA Zinc,120,Foundational
BodyBio Balance Oil,33,Foundational
BodyBio Liquid Minerals,32,Foundational
BodyBio Phosphatidyl Choline Capsules,0,Foundational
BodyBio Phosphatidyl Choline Liquid,0,Foundational
Curcum-Evail Chewables,0,Foundational
E-lyte,40,Foundational
Vitamin CR Lipoic,0,Foundational
AA Alpha Lipoic Acid,0,CARDIOMETABOLIC
AA Berberine,60,CARDIOMETABOLIC
AA Bergamot Lipo-Balance,60,CARDIOMETABOLIC
AA Carnitine,120,CARDIOMETABOLIC
AA Chromium,90,CARDIOMETABOLIC
AA CLA,120,CARDIOMETABOLIC
AA CoQ10 100mg,60,CARDIOMETABOLIC
AA Fiber Lean,30,CARDIOMETABOLIC
AA HTN-X,120,CARDIOMETABOLIC
AA Metabolic Support,120,CARDIOMETABOLIC
AA Methylation Support,120,CARDIOMETABOLIC
AA Nattokinase,60,CARDIOMETABOLIC
AA Niacin,120,CARDIOMETABOLIC
AA Plant Sterols,90,CARDIOMETABOLIC
AA Resveratrol,60,CARDIOMETABOLIC
AA Ultra CoQ10,60,CARDIOMETABOLIC
AA Adrenal Support,180,Hormone
AA DHEA 25,60,Hormone
AA DHEA 5,180,Hormone
AA Hormonal Health,60,Hormone
AA Inositol,138,Hormone
AA PMS Support,60,Hormone
AA Pregnenolone 25mg,100,Hormone
AA Prostate Support,60,Hormone
AA Stress Away,90,Hormone
AA Testosterone Support,60,Hormone
AA Thyroid Support,120,Hormone
AA Detox Binder,90,DETOX
AA Detox Support with EDTA,120,DETOX
AA NAC,60,DETOX
AA Ultra Liver Support,60,DETOX
AA Xeno Detox,120,DETOX
Activated Charcoal,100,DETOX
ATP Fuel,150,DETOX
GI Detox +,60,DETOX
Liposomal Glutathione,50,DETOX
Trifortfy Liposomal Glutathione Box,20,DETOX
Trifortify Liposomal Glutathione Tube,48,DETOX
AA Allicin,60,Gastrointestinal
AA Biotics,120,Gastrointestinal
AA Biotics 100,60,Gastrointestinal
AA DAO Histamine Support,60,Gastrointestinal
AA Digestive Enzymes,120,Gastrointestinal
AA Digestive Enzymes Chewable,180,Gastrointestinal
AA Digestive Enzymes Extra Support,60,Gastrointestinal
AA GI Balance,60,Gastrointestinal
AA GI Botanicals,60,Gastrointestinal
AA GI Soothe,60,Gastrointestinal
AA GI Support with Aloe,30,Gastrointestinal
AA Glutamine,85,Gastrointestinal
AA IgG Support,30,Gastrointestinal
AA Ox Bile Plus,90,Gastrointestinal
AA Probitics 350,15,Gastrointestinal
AA Saccharomyces Plus,30,Gastrointestinal
Biocidin,100,Gastrointestinal
BodyBio CAL-MAG Butyrate,100,Gastrointestinal
Restore,189,Gastrointestinal
TUDCA,60,Gastrointestinal
A-BAB,0,IMMUNE
A-BART,0,IMMUNE
A-CPN,0,IMMUNE
A-EB/H6,0,IMMUNE
A-FNG,0,IMMUNE
A-L Complex,0,IMMUNE
A-Myco,0,IMMUNE
A-P Complex,0,IMMUNE
AA AllerSupport,60,IMMUNE
AA Boswellia Plus,60,IMMUNE
AA Immune Support Capsules,60,IMMUNE
AA Immune Support Liquid,118,IMMUNE
AA L-Lysine,90,IMMUNE
AA Monolaurin,120,IMMUNE
AA Sinus Support,60,IMMUNE
AA Ultra Immune Support,60,IMMUNE
AA Urinary Support,50,IMMUNE
Argentyn 8oz,0,IMMUNE
Argentyn Dropper,0,IMMUNE
Argentyn First Aid Gel,0,IMMUNE
Argentyn Verticle,0,IMMUNE
Biocidin Throat Spray,0,IMMUNE
BLt,0,IMMUNE
BT- Detox,0,IMMUNE
Detox 1,0,IMMUNE
Detox 2,0,IMMUNE
NT- Detox,0,IMMUNE
Transfer Factor Sensitive,60,IMMUNE
Xlear,0,IMMUNE
AA 5 -HTP,60,Neuro
AA GABA Support,60,Neuro
AA Glycine,60,Neuro
AA L-Theanine,60,Neuro
AA Lithium Orotate,60,Neuro
AA Melatonin,60,Neuro
AA Migrain X,90,Neuro
AA Mood Support,60,Neuro
AA Phosphatidyl Serine,60,Neuro
AA Relaxation Powder,60,Neuro
AA SAMe,30,Neuro
PEA Palmitoylethanolamide and Luteolin,0,Neuro